{"cameraMode":{"drawMode":0,"name":"Shaded","section":"Shading Mode"},"sceneLighting":false,"audioPlay":false,"sceneViewState":{"showFog":true,"showMaterialUpdate":false,"showSkybox":false,"showFlares":true,"showImageEffects":true,"showParticleSystems":true},"in2DMode":false,"pivot":{"x":1.4423999786376954,"y":-0.7839999794960022,"z":-1.8530000448226929},"rotation":{"x":0.25922709703445437,"y":-0.29671844840049746,"z":0.0840391293168068,"w":0.9152578115463257},"size":0.01732049137353897,"orthographic":false}