{"cameraMode":{"drawMode":0,"name":"Shaded","section":"Shading Mode"},"sceneLighting":true,"audioPlay":false,"sceneViewState":{"showFog":true,"showMaterialUpdate":false,"showSkybox":true,"showFlares":true,"showImageEffects":true,"showParticleSystems":true},"in2DMode":false,"pivot":{"x":1.3320000171661378,"y":-0.7883403897285461,"z":-1.4910000562667847},"rotation":{"x":0.25922709703445437,"y":-0.29671844840049746,"z":0.0840391293168068,"w":0.9152578115463257},"size":10.0,"orthographic":false}