{"cameraMode":{"drawMode":0,"name":"Shaded","section":"Shading Mode"},"sceneLighting":false,"audioPlay":false,"sceneViewState":{"showFog":true,"showMaterialUpdate":false,"showSkybox":false,"showFlares":true,"showImageEffects":true,"showParticleSystems":true},"in2DMode":false,"pivot":{"x":1.589333176612854,"y":-0.8510000109672546,"z":-1.8274445533752442},"rotation":{"x":0.2035447210073471,"y":-0.6255009770393372,"z":0.1737174689769745,"w":0.732899010181427},"size":0.061237234622240069,"orthographic":false}