{"cameraMode":{"drawMode":0,"name":"Shaded","section":"Shading Mode"},"sceneLighting":true,"audioPlay":false,"sceneViewState":{"showFog":true,"showMaterialUpdate":false,"showSkybox":true,"showFlares":true,"showImageEffects":true,"showParticleSystems":true},"in2DMode":false,"pivot":{"x":1.8887670040130616,"y":-0.35180777311325076,"z":-0.627988338470459},"rotation":{"x":0.3102229833602905,"y":-0.34531763195991518,"z":0.122111976146698,"w":0.8772720694541931},"size":0.17320525646209718,"orthographic":false}